{
    "foreground_intensity_properties_per_channel": {
        "0": {
            "max": 2112.226806640625,
            "mean": 120.24785614013672,
            "median": 123.2590103149414,
            "min": -218.24432373046875,
            "percentile_00_5": -64.35255432128906,
            "percentile_99_5": 273.7598571777344,
            "std": 65.7291259765625
        }
    },
    "median_relative_size_after_cropping": 1.0,
    "shapes_after_crop": [
        [
            204,
            180,
            321
        ],
        [
            192,
            167,
            331
        ],
        [
            228,
            201,
            313
        ],
        [
            202,
            162,
            270
        ],
        [
            209,
            208,
            283
        ],
        [
            190,
            175,
            319
        ],
        [
            212,
            169,
            307
        ],
        [
            200,
            196,
            338
        ],
        [
            236,
            171,
            304
        ],
        [
            208,
            183,
            280
        ],
        [
            232,
            184,
            322
        ],
        [
            190,
            174,
            320
        ],
        [
            226,
            153,
            283
        ],
        [
            196,
            201,
            322
        ],
        [
            226,
            186,
            349
        ],
        [
            207,
            203,
            269
        ],
        [
            130,
            178,
            325
        ],
        [
            190,
            180,
            268
        ],
        [
            237,
            229,
            295
        ],
        [
            220,
            179,
            296
        ],
        [
            194,
            207,
            300
        ],
        [
            186,
            189,
            292
        ],
        [
            229,
            185,
            322
        ],
        [
            177,
            171,
            283
        ],
        [
            224,
            149,
            277
        ],
        [
            214,
            156,
            273
        ],
        [
            194,
            142,
            271
        ],
        [
            180,
            164,
            317
        ],
        [
            218,
            177,
            326
        ],
        [
            212,
            175,
            320
        ],
        [
            200,
            169,
            317
        ],
        [
            211,
            178,
            292
        ],
        [
            199,
            165,
            321
        ],
        [
            191,
            169,
            289
        ],
        [
            204,
            190,
            307
        ],
        [
            222,
            177,
            341
        ],
        [
            176,
            163,
            311
        ],
        [
            198,
            196,
            322
        ],
        [
            190,
            165,
            298
        ],
        [
            201,
            174,
            321
        ],
        [
            211,
            171,
            330
        ],
        [
            220,
            171,
            316
        ],
        [
            184,
            164,
            276
        ],
        [
            197,
            174,
            304
        ],
        [
            195,
            164,
            289
        ],
        [
            182,
            172,
            280
        ],
        [
            217,
            178,
            285
        ],
        [
            220,
            215,
            333
        ],
        [
            190,
            183,
            327
        ],
        [
            202,
            188,
            322
        ],
        [
            234,
            212,
            296
        ],
        [
            193,
            162,
            285
        ],
        [
            160,
            172,
            288
        ],
        [
            210,
            159,
            261
        ],
        [
            174,
            170,
            320
        ],
        [
            140,
            186,
            272
        ],
        [
            194,
            187,
            310
        ],
        [
            122,
            198,
            324
        ],
        [
            213,
            185,
            306
        ],
        [
            215,
            178,
            345
        ],
        [
            155,
            162,
            298
        ],
        [
            202,
            185,
            318
        ]
    ],