fold,best_epoch,kidney_val_ax,tumor_val_ax,composite_val_ax
0,369,0.9425867032576297,0.5295084500199827,0.7064754944450606
1,295,0.9101238140937432,0.6146850442335068,0.747956881727938
2,342,0.9074212390278052,0.5869964144664813,0.7298308117091615
3,444,0.830687252751222,0.6187576823226532,0.7169338318473456
4,110,0.940271573074034,0.653934396076322,0.784140244653915
