kidney_single,tumor_single,composite_single,kidney_ens4,tumor_ens4,composite_ens4
0.9220678819798723,0.6486527156230951,0.7733704388164057,0.9537092642772113,0.8884993328590746,0.920527047430884
