fold,best_epoch,kidney_val,tumor_val,composite_val
0,383,0.9499189801202935,0.796197731713575,0.8696685214973865
1,220,0.9490671019807201,0.8292213364923698,0.8871227033085067
2,233,0.9407152403737952,0.7182111528363827,0.8219684770595636
3,160,0.9050142199544164,0.7272607121236008,0.8112837272409906
4,133,0.9526460825279236,0.769696822465889,0.8562994001261006
